First Name,Last Name,Company,City,Country,gender
Sheryl,Baxter,Rasmussen Group,East Leonard,Chile,female
Preston,Lozano,Vega-Gentry,East Jimmychester,Djibouti,female
Roy,Berry,Murillo-Perry,Isabelborough,Antigua and Barbuda,female
Linda,Olsen,"Dominguez, Mcmillan and Donovan",Bensonview,Dominican Republic,female
Joanna,Bender,"Martin, Lang and Andrade",West Priscilla,Slovakia (Slovak Republic),female
Aimee,Downs,Steele Group,Chavezborough,Bosnia and Herzegovina,female
Darren,Peck,"Lester, Woodard and Mitchell",Lake Ana,Pitcairn Islands,female
Brett,Mullen,"Sanford, Davenport and Giles",mumbai,Bulgaria,male
Michelle,Gallagher,Beck-Hendrix,Elaineberg,Timor-Leste,female
Carl,Schroeder,"Oconnell, Meza and Everett",Shannonville,Guernsey,female
Jenna,Dodson,"Hoffman, Reed and Mcclain",East Andrea,Vietnam,female
Tracey,Mata,Graham-Francis,South Joannamouth,Togo,female
Kristine,Cox,Carpenter-Cook,Jodyberg,Sri Lanka,female
Faith,Lutz,Carter-Hancock,Burchbury,Singapore,female
Miranda,Beasley,Singleton and Sons,Desireeshire,Oman,female
Caroline,Foley,Winters-Mendoza,West Adriennestad,Western Sahara,female
Greg,Mata,Valentine LLC,Lake Leslie,Mozambique,female
Clifford,Jacobson,Simon LLC,Harmonview,South Georgia and the South Sandwich Islands,female
Joanna,Kirk,Mays-Mccormick,Jamesshire,French Polynesia,female
Maxwell,Frye,Patterson Inc,East Carly,Malta,female
Kiara,Houston,"Manning, Hester and Arroyo",South Alvin,Netherlands,female
Colleen,Howard,Greer and Sons,Brittanyview,Paraguay,female
Janet,Valenzuela,Watts-Donaldson,Veronicamouth,Lao People's Democratic Republic,female
Shane,Wilcox,Tucker LLC,Bryanville,Albania,female
Marcus,Moody,Giles Ltd,Kaitlyntown,Panama,female
Dakota,Poole,Simmons Group,Michealshire,Belarus,female
Frederick,Harper,"Hinton, Chaney and Stokes",South Marissatown,Switzerland,female
Stefanie,Fitzpatrick,Santana-Duran,Acevedoville,Saint Vincent and the Grenadines,female
Kent,Bradshaw,Sawyer PLC,North Harold,Tanzania,female
Jack,Tate,"Acosta, Petersen and Morrow",West Samuel,Zimbabwe,female
Tom,Trujillo,Mcgee Group,Cunninghamborough,Denmark,female
Gabriel,Mejia,Adkins-Salinas,Port Annatown,Liechtenstein,female
Kaitlyn,Santana,Herrera Group,New Kaitlyn,United States of America,female
Faith,Moon,"Waters, Chase and Aguilar",West Marthaburgh,Bahamas,female
Tammie,Haley,"Palmer, Barnes and Houston",East Teresa,Belize,female
Nicholas,Sosa,Jordan Ltd,South Hunter,Uruguay,female
Jordan,Gay,Glover and Sons,South Walter,Solomon Islands,female
Bruce,Esparza,Huerta-Mclean,Poolefurt,Montenegro,female
Sherry,Garza,Anderson Ltd,West John,Poland,female
Natalie,Gentry,Monroe PLC,West Darius,Dominican Republic,female
Bryan,Dunn,Kaufman and Sons,North Jimstad,Burkina Faso,female
Wayne,Simpson,Perkins-Trevino,East Rebekahborough,Bolivia,female
Luis,Greer,Cross PLC,North Drew,Bulgaria,female
Rhonda,Frost,"Herrera, Shepherd and Underwood",Lake Lindaburgh,Monaco,female
Joanne,Montes,"Price, Sexton and Mcdaniel",Gwendolynview,Palau,female
Geoffrey,Guzman,Short-Wiggins,Zimmermanland,Uzbekistan,female
Gloria,Mccall,"Brennan, Acosta and Ramos",North Kerriton,Ghana,female
Brady,Cohen,Osborne-Erickson,North Eileenville,United Arab Emirates,female
Latoya,Mccann,"Hobbs, Garrett and Sanford",Port Sergiofort,Belarus,female
Gerald,Hawkins,"Phelps, Forbes and Koch",New Alberttown,Canada,female
Samuel,Crawford,"May, Goodwin and Martin",South Jasmine,Algeria,female
Patricia,Goodwin,"Christian, Winters and Ellis",Cowanfort,Swaziland,female
Stacie,Richard,Byrd Inc,New Deborah,Madagascar,female
Robin,West,"Nixon, Blackwell and Sosa",Wallstown,Ecuador,female
Ralph,Haas,Montes PLC,Lake Ellenchester,Palestinian Territory,female
Phyllis,Maldonado,Costa PLC,Lake Whitney,Saint Barthelemy,female
Danny,Parrish,Novak LLC,East Jaredbury,United Arab Emirates,female
Kathy,Hill,"Moore, Mccoy and Glass",Selenabury,South Georgia and the South Sandwich Islands,female
Kelli,Hardy,Petty Ltd,Huangfort,Sao Tome and Principe,female
Lynn,Pham,"Brennan, Camacho and Tapia",East Pennyshire,Portugal,female
Shelley,Harris,"Prince, Malone and Pugh",Port Jasminborough,Togo,female
Eddie,Jimenez,Caldwell Group,West Kristine,Ethiopia,female
Chloe,Hutchinson,Simon LLC,South Julia,Netherlands,female
Eileen,Lynch,"Knight, Abbott and Hubbard",Helenborough,Liberia,female
Fernando,Lambert,Church-Banks,Lake Nancy,Lithuania,female
Makayla,Cannon,Henderson Inc,Georgeport,New Caledonia,female
Tom,Alvarado,Donaldson-Dougherty,South Sophiaberg,Kiribati,female
Virginia,Dudley,Warren Ltd,Hartbury,French Southern Territories,female
Riley,Good,Wade PLC,Erikaville,Canada,female
Alexandria,Buck,Keller-Coffey,Nicolasfort,Iran,female
Richard,Roth,Conway-Mcbride,New Jasmineshire,Morocco,female
Candice,Keller,Huynh and Sons,East Summerstad,Zimbabwe,female
Anita,Benson,Parrish Ltd,Skinnerport,Russian Federation,female
Regina,Stein,Guzman-Brown,Raystad,Solomon Islands,female
Debra,Riddle,"Chang, Aguirre and Leblanc",Colinhaven,United States Virgin Islands,female
Brittany,Zuniga,Mason-Hester,West Reginald,Kyrgyz Republic,female
Cassidy,Mcmahon,"Mcguire, Huynh and Hopkins",Lake Sherryborough,Myanmar,female
Laurie,Pennington,"Sanchez, Marsh and Hale",Port Katherineville,Dominica,female
Alejandro,Blair,"Combs, Waller and Durham",Thomasland,Iceland,female
Leslie,Jennings,Blankenship-Arias,Coreybury,Micronesia,female
Kathleen,Mckay,"Coffey, Lamb and Johnson",Lake Janiceton,Saint Vincent and the Grenadines,female
Hunter,Moreno,Fitzpatrick-Lawrence,East Clinton,Isle of Man,female
Chad,Davidson,Garcia-Jimenez,South Joshuashire,Oman,female
Corey,Holt,"Mcdonald, Bird and Ramirez",New Glenda,Fiji,female
Emma,Cunningham,Stephens Inc,North Jillianview,New Zealand,female
Duane,Woods,Montoya-Miller,Lyonsberg,Maldives,female
Alison,Vargas,"Vaughn, Watts and Leach",East Cristinabury,Benin,female
Vernon,Kane,Carter-Strickland,Thomasfurt,Yemen,female
Lori,Flowers,Decker-Mcknight,North Joeburgh,Namibia,female
Nina,Chavez,Byrd-Campbell,Cassidychester,Bhutan,female
Shane,Foley,Rocha-Hart,South Dannymouth,Hungary,female
Collin,Ayers,Lamb-Peterson,South Lonnie,Anguilla,female
Sherry,Young,"Lee, Lucero and Johnson",Frankchester,Solomon Islands,female
Darrell,Douglas,"Newton, Petersen and Mathis",Daisyborough,Mali,female
Karl,Greer,Carey LLC,East Richard,Guyana,female
Lynn,Atkinson,"Ware, Burns and Oneal",New Bradview,Sri Lanka,female
Fred,Guerra,Schmitt-Jones,Ortegaland,Solomon Islands,female
Yvonne,Farmer,Fitzgerald-Harrell,Lake Elijahview,Aruba,female
Clarence,Haynes,"Le, Nash and Cross",Judymouth,Honduras,female
